"success","trial_type","trial_index","time_elapsed","internal_node_id","screen_width","screen_height","rt","stimulus","key_press","subj_id","test_part","url","fridges","features_price","best_decision","feature_proportions","key_condition","stimulus_text","font_color","correct_responses","most_likely_purchase","remembered_fridges","remembered_features","num_fridges_remembered","num_features_remembered","fridges_false_alarms","features_false_alarms","responses","completion_code","resp_age","resp_gender","resp_expt","resp_experience","resp_problems","resp_final","resp_attention"
"true","fullscreen","0","8939","0.0-0.0","1280","800","","","","","","","","","","","","","","","","","","","","","","","","","","","","","",""
"","html-keyboard-response","1","20238","0.0-1.0","1280","800","11297","<h5>In order to run this study, we need to include the standard consent form below.</h5><h3>Please read and press the Y key to continue.</h3><h1>Consent for Participation</h1><div style='width: 100%; text-align: center'><div style='display: inline-block; margin: 0 auto; padding: 10px 200px 10px 200px; text-align: left'>Ethics ID#H24-01576<br>Department of Psychology<br>2136 West Mall, Vancouver, BC V6T 1Z4, Canada<br>+1 604-822-2755<h5>STUDY TITLE</h5><p>Perceiving Objects and Events</p><h5>PRINCIPAL INVESTIGATOR</h5><p>Joan Ongchoco (joan.ongchoco@psych.ubc.ca)<br>Assistant Professor, Department of Psychology</p><h5>RESEARCH STUDY SUMMARY, RISKS, AND BENEFITS</h5><p>Thank you for volunteering to participate in this research study.  Please take the time to read the following, and feel free to ask questions about the study details.  Taking part in this study is your choice.  You can choose to take part, or you can choose not to take part in this study.  You can also change your mind at any time, with no penalty.  The purpose of this study is to better understand how we see and how we think.  In this study, you will be asked to examine simple shapes or images, or to listen to simple musical sequences.  Afterwards, you will be asked to answer questions about what you saw or heard by pressing some keys or using a computer mouse.  Because these are activities that many people already experience hundreds or thousands of times every day, there are no risks involved in this study.  The study may have no benefits to you, but it may help the scientific community come to better understand how the human mind works.</p><h5>DURATION</h5><p>If you agree to take part, the study will last approximately <strong>7 minutes</strong>.</p><h5>COSTS AND COMPENSATION</h5><p>There are no costs associated with participation in this study.  You will receive 1.05 GBP.</p><h5>CONFIDENTIALITY</h5><p>No personally identifying information will be collected, so your participation will be entirely anonymous.  Your data will be pooled with those from other participants, and will be stored in a secure lab server which can only be accessed by the study team members.  Your data may be included in scientific publications. Depending on journal open access requirements, data collected from this study may be uploaded to public data repositories. As the data is collected anonymously, once the survey is submitted, you will no longer be able to withdraw your data.</p><h5>LEARNING MORE</h5><p>If you have questions about this study, you may contact your experimenter Joan Ongchoco at joan.ongchoco@psych.ubc.ca. If you have any concerns or complaints about your rights as a research participant and/or your experiences while participating in this study, contact the Research Participant Complaint Line in the UBC Office of Research Ethics at 604-822-8598 or if long distance e-mail RSIL@ors.ubc.ca or call toll free 1-877-822-8598.</p><h5>INFORMED CONSENT</h5><p>Your participation indicates that you have read and understood this consent form and the information presented and that you agree to be in this study.</p></div></div><h2 style='text-align: center'>PRESS THE Y KEY TO SUBMIT YOUR CONSENT.</h2><p></p><p></p>","89","scd_674b5be34de038fbbfb38ab1","consent","https://perception.psych.ubc.ca/expts/EC/ExpSS/expt-scd.html","","","","","","","","","","","","","","","","","","","","","","","",""
"","jo-html-keyboard-response","2","50507","0.0-2.0","","","25264","<p>Hi! Thank you for volunteering to help out with our study.  Please take a moment to adjust your seating so that you can comfortably watch the monitor and use the keyboard.  Feel free to dim the lights as well.</p><p>Close the door or do whatever is necessary to minimize disturbance during the experiment.  Please also take a moment to silence your phone so that you are not interrupted by any messages mid-experiment.</p><p>Throughout this experiment, you will see greyed out text as in the last line below.</p><p>And a quick note: This text will contain the instructions for how to move to the next page -- which will typically involve pressing the spacebar.  You will not be able to press the spacebar until after a brief period of time has elapsed.  Please use that time to read the instructions on the given page.  Once the greyed out text has turned black, and you have finished reading the instructions, you will then be able to proceed by pressing the relevant key.","32","scd_674b5be34de038fbbfb38ab1","instruct_prompt","","","","","","","","","","","","","","","","","","","","","","","","",""
"","jo-html-keyboard-response","3","75198","0.0-3.0","","","24687.999999999993","
    <div style='margin: auto 0; text-align: center;'>
      <p>For this study, weâ€™d like you to imagine that you are a new graduate looking for a fridge for your new apartment.</p>
      <p>You have a budget of $2400-$3000, but are hoping not to spend more than $2700.</p>
      <p>Your goal is to find a fridge with as many technological perks at as low of a cost as possible.</p>
      <br>
      <p>In the first part of this study, you will be shown four different fridges at different price points. For each fridge, you will see a list of its different features.</p>
      <p>In the next 3 minutes, just go through the different fridges, as if you were browsing online, and try to see which fridge would be the best for you.</p>
      <p>To navigate between images, scroll up for the next image and down for the previous one.</p>
      <p>We will later ask you to make a selection, and we will then ask a few questions about your decision.</p>
    </div>
  ","32","scd_674b5be34de038fbbfb38ab1","fridge_instructions","","","","","","","","","","","","","","","","","","","","","","","","",""
"","html-keyboard-response","4","75700","0.0-4.0","","","null","<div style=""font-size:60px;""></div>","null","scd_674b5be34de038fbbfb38ab1","blank","","","","","","","","","","","","","","","","","","","","","","","","",""
"","ec-decision-scroll-image-response","5","255716","0.0-5.0","","","","","","scd_674b5be34de038fbbfb38ab1","scroll-decision","","images/fridge3.png,images/fridge6.png,images/fridge4.png,images/fridge2.png","$2500,Not energy efficient,Ice dispenser,Water dispenser,French doors,Dual cooling system,Bottom freezer,No touchscreen,Built in water filter,Warranty,Spill proof shelves,No door alarm,Quiet (<40 dB),$3000,French doors,No warranty (or less warranty),Energy efficient,No spill proof shelves,No touchscreen,Single cooling system,Bottom freezer,No built in water filter,Ice dispenser,No water dispenser,Door alarm,Quiet (<40 dB),$2700,Quiet (<40 dB),Touchscreen / Bluetooth Connectivity,Other freezers,No built in water filter,No water dispenser,No door alarm,Ice dispenser,Single cooling system,Energy efficient,Warranty,Spill proof shelves,Single door,$2400,Single door,No water dispenser,Single cooling system,Built in water filter,Other freezers,No spill proof shelves,No touchscreen,No ice dispenser,Energy efficient,Loud (>40dB),No warranty (or less warranty),Door alarm","Fridge 1","6,6,3000,6,6,2700,3,9,2400,9,3,2500","scroll","","","","","","","","","","","","","","","","","","",""
"","html-keyboard-response","6","256220","0.0-6.0","","","null","<div style=""font-size:60px;""></div>","null","scd_674b5be34de038fbbfb38ab1","blank","","","","","","","","","","","","","","","","","","","","","","","","",""
"","jo-html-keyboard-response","7","284121","0.0-7.0","","","27897.99999999997","<div style='margin: auto 0'><p>In this task, you will see color names (red, green, blue, yellow) in different &quot;print&quot; color. For example, if you see:</p><p style=""color: red;"">GREEN</p><p>You need to respond to the print color (red), and press the associated button (""r""). The other buttons used in this study are &quot;g&quot;, &quot;b&quot;, and &quot;y&quot;, for green, blue and yellow.</p><p>Please place your fingers on the relevant keys to prepare.</p></div>","32","scd_674b5be34de038fbbfb38ab1","instruct_prompt","","","","","","","","","","","","","","","","","","","","","","","","",""
"","ec-html-keyboard-response","8","284373","0.0-8.0","","","null",""," ","","","","","","","","","","null","","","","","","","","","","","","","","","","",""
"","ec-html-keyboard-response","9","284876","0.0-9.0","","","null",""," ","","","","","","","","","<p style=""font-size: 60px; color: white;"">+</p>","null","","","","","","","","","","","","","","","","",""
"","ec-html-keyboard-response","10","288254","0.0-10.0","","","3376.999999999942","","Y","scd_674b5be34de038fbbfb38ab1","stroop","","","","","","scroll","yellow","yellow","","","","","","","","","","","","","","","","",""
"","ec-html-keyboard-response","11","288508","0.0-11.0","","","null",""," ","","","","","","","","","","null","","","","","","","","","","","","","","","","",""
"","ec-html-keyboard-response","12","289010","0.0-12.0","","","null",""," ","","","","","","","","","<p style=""font-size: 60px; color: white;"">+</p>","null","","","","","","","","","","","","","","","","",""
"","ec-html-keyboard-response","13","291006","0.0-13.0","","","1995","","G","scd_674b5be34de038fbbfb38ab1","stroop","","","","","","scroll","green","green","","","","","","","","","","","","","","","","",""
"","ec-html-keyboard-response","14","291260","0.0-14.0","","","null",""," ","","","","","","","","","","null","","","","","","","","","","","","","","","","",""
"","ec-html-keyboard-response","15","291762","0.0-15.0","","","null",""," ","","","","","","","","","<p style=""font-size: 60px; color: white;"">+</p>","null","","","","","","","","","","","","","","","","",""
"","ec-html-keyboard-response","16","293446","0.0-16.0","","","1683","","G","scd_674b5be34de038fbbfb38ab1","stroop","","","","","","scroll","green","green","","","","","","","","","","","","","","","","",""
"","ec-html-keyboard-response","17","293700","0.0-17.0","","","null",""," ","","","","","","","","","","null","","","","","","","","","","","","","","","","",""
"","ec-html-keyboard-response","18","294202","0.0-18.0","","","null",""," ","","","","","","","","","<p style=""font-size: 60px; color: white;"">+</p>","null","","","","","","","","","","","","","","","","",""
"","ec-html-keyboard-response","19","295518","0.0-19.0","","","1315","","Y","scd_674b5be34de038fbbfb38ab1","stroop","","","","","","scroll","yellow","yellow","","","","","","","","","","","","","","","","",""
"","ec-html-keyboard-response","20","295772","0.0-20.0","","","null",""," ","","","","","","","","","","null","","","","","","","","","","","","","","","","",""
"","ec-html-keyboard-response","21","296273","0.0-21.0","","","null",""," ","","","","","","","","","<p style=""font-size: 60px; color: white;"">+</p>","null","","","","","","","","","","","","","","","","",""
"","ec-html-keyboard-response","22","298859","0.0-22.0","","","2584","","G","scd_674b5be34de038fbbfb38ab1","stroop","","","","","","scroll","yellow","green","","","","","","","","","","","","","","","","",""
"","ec-html-keyboard-response","23","299112","0.0-23.0","","","null",""," ","","","","","","","","","","null","","","","","","","","","","","","","","","","",""
"","ec-html-keyboard-response","24","299614","0.0-24.0","","","null",""," ","","","","","","","","","<p style=""font-size: 60px; color: white;"">+</p>","null","","","","","","","","","","","","","","","","",""
"","ec-html-keyboard-response","25","301954","0.0-25.0","","","2338.999999999942","","Y","scd_674b5be34de038fbbfb38ab1","stroop","","","","","","scroll","red","yellow","","","","","","","","","","","","","","","","",""
"","ec-html-keyboard-response","26","302207","0.0-26.0","","","null",""," ","","","","","","","","","","null","","","","","","","","","","","","","","","","",""
"","ec-html-keyboard-response","27","302708","0.0-27.0","","","null",""," ","","","","","","","","","<p style=""font-size: 60px; color: white;"">+</p>","null","","","","","","","","","","","","","","","","",""
"","ec-html-keyboard-response","28","305331","0.0-28.0","","","2626","","G","scd_674b5be34de038fbbfb38ab1","stroop","","","","","","scroll","green","green","","","","","","","","","","","","","","","","",""
"","ec-html-keyboard-response","29","305584","0.0-29.0","","","null",""," ","","","","","","","","","","null","","","","","","","","","","","","","","","","",""
"","ec-html-keyboard-response","30","306086","0.0-30.0","","","null",""," ","","","","","","","","","<p style=""font-size: 60px; color: white;"">+</p>","null","","","","","","","","","","","","","","","","",""
"","ec-html-keyboard-response","31","308080","0.0-31.0","","","1995","","R","scd_674b5be34de038fbbfb38ab1","stroop","","","","","","scroll","red","red","","","","","","","","","","","","","","","","",""
"","ec-html-keyboard-response","32","308333","0.0-32.0","","","null",""," ","","","","","","","","","","null","","","","","","","","","","","","","","","","",""
"","ec-html-keyboard-response","33","308835","0.0-33.0","","","null",""," ","","","","","","","","","<p style=""font-size: 60px; color: white;"">+</p>","null","","","","","","","","","","","","","","","","",""
"","ec-html-keyboard-response","34","310015","0.0-34.0","","","1180","","R","scd_674b5be34de038fbbfb38ab1","stroop","","","","","","scroll","red","red","","","","","","","","","","","","","","","","",""
"","ec-html-keyboard-response","35","310268","0.0-35.0","","","null",""," ","","","","","","","","","","null","","","","","","","","","","","","","","","","",""
"","ec-html-keyboard-response","36","310770","0.0-36.0","","","null",""," ","","","","","","","","","<p style=""font-size: 60px; color: white;"">+</p>","null","","","","","","","","","","","","","","","","",""
"","ec-html-keyboard-response","37","313334","0.0-37.0","","","2564","","R","scd_674b5be34de038fbbfb38ab1","stroop","","","","","","scroll","red","red","","","","","","","","","","","","","","","","",""
"","ec-html-keyboard-response","38","313587","0.0-38.0","","","null",""," ","","","","","","","","","","null","","","","","","","","","","","","","","","","",""
"","ec-html-keyboard-response","39","314089","0.0-39.0","","","null",""," ","","","","","","","","","<p style=""font-size: 60px; color: white;"">+</p>","null","","","","","","","","","","","","","","","","",""
"","ec-html-keyboard-response","40","315606","0.0-40.0","","","1517","","B","scd_674b5be34de038fbbfb38ab1","stroop","","","","","","scroll","yellow","blue","","","","","","","","","","","","","","","","",""
"","ec-html-keyboard-response","41","315860","0.0-41.0","","","null",""," ","","","","","","","","","","null","","","","","","","","","","","","","","","","",""
"","ec-html-keyboard-response","42","316362","0.0-42.0","","","null",""," ","","","","","","","","","<p style=""font-size: 60px; color: white;"">+</p>","null","","","","","","","","","","","","","","","","",""
"","ec-html-keyboard-response","43","318493","0.0-43.0","","","2132","","R","scd_674b5be34de038fbbfb38ab1","stroop","","","","","","scroll","green","red","","","","","","","","","","","","","","","","",""
"","ec-html-keyboard-response","44","318747","0.0-44.0","","","null",""," ","","","","","","","","","","null","","","","","","","","","","","","","","","","",""
"","ec-html-keyboard-response","45","319249","0.0-45.0","","","null",""," ","","","","","","","","","<p style=""font-size: 60px; color: white;"">+</p>","null","","","","","","","","","","","","","","","","",""
"","ec-html-keyboard-response","46","321643","0.0-46.0","","","2394.999999999942","","B","scd_674b5be34de038fbbfb38ab1","stroop","","","","","","scroll","blue","blue","","","","","","","","","","","","","","","","",""
"","ec-html-keyboard-response","47","321897","0.0-47.0","","","null",""," ","","","","","","","","","","null","","","","","","","","","","","","","","","","",""
"","ec-html-keyboard-response","48","322399","0.0-48.0","","","null",""," ","","","","","","","","","<p style=""font-size: 60px; color: white;"">+</p>","null","","","","","","","","","","","","","","","","",""
"","ec-html-keyboard-response","49","324138","0.0-49.0","","","1739","","G","scd_674b5be34de038fbbfb38ab1","stroop","","","","","","scroll","red","green","","","","","","","","","","","","","","","","",""
"","ec-html-keyboard-response","50","324392","0.0-50.0","","","null",""," ","","","","","","","","","","null","","","","","","","","","","","","","","","","",""
"","ec-html-keyboard-response","51","324894","0.0-51.0","","","null",""," ","","","","","","","","","<p style=""font-size: 60px; color: white;"">+</p>","null","","","","","","","","","","","","","","","","",""
"","ec-html-keyboard-response","52","326738","0.0-52.0","","","1844","","G","scd_674b5be34de038fbbfb38ab1","stroop","","","","","","scroll","green","green","","","","","","","","","","","","","","","","",""
"","ec-html-keyboard-response","53","326991","0.0-53.0","","","null",""," ","","","","","","","","","","null","","","","","","","","","","","","","","","","",""
"","ec-html-keyboard-response","54","327494","0.0-54.0","","","null",""," ","","","","","","","","","<p style=""font-size: 60px; color: white;"">+</p>","null","","","","","","","","","","","","","","","","",""
"","ec-html-keyboard-response","55","329401","0.0-55.0","","","1908","","G","scd_674b5be34de038fbbfb38ab1","stroop","","","","","","scroll","yellow","green","","","","","","","","","","","","","","","","",""
"","ec-html-keyboard-response","56","329654","0.0-56.0","","","null",""," ","","","","","","","","","","null","","","","","","","","","","","","","","","","",""
"","ec-html-keyboard-response","57","330156","0.0-57.0","","","null",""," ","","","","","","","","","<p style=""font-size: 60px; color: white;"">+</p>","null","","","","","","","","","","","","","","","","",""
"","ec-html-keyboard-response","58","332288","0.0-58.0","","","2132","","G","scd_674b5be34de038fbbfb38ab1","stroop","","","","","","scroll","green","green","","","","","","","","","","","","","","","","",""
"","ec-html-keyboard-response","59","332542","0.0-59.0","","","null",""," ","","","","","","","","","","null","","","","","","","","","","","","","","","","",""
"","ec-html-keyboard-response","60","333045","0.0-60.0","","","null",""," ","","","","","","","","","<p style=""font-size: 60px; color: white;"">+</p>","null","","","","","","","","","","","","","","","","",""
"","ec-html-keyboard-response","61","335826","0.0-61.0","","","2781","","R","scd_674b5be34de038fbbfb38ab1","stroop","","","","","","scroll","green","red","","","","","","","","","","","","","","","","",""
"","ec-html-keyboard-response","62","336080","0.0-62.0","","","null",""," ","","","","","","","","","","null","","","","","","","","","","","","","","","","",""
"","ec-html-keyboard-response","63","336582","0.0-63.0","","","null",""," ","","","","","","","","","<p style=""font-size: 60px; color: white;"">+</p>","null","","","","","","","","","","","","","","","","",""
"","ec-html-keyboard-response","64","338282","0.0-64.0","","","1699","","B","scd_674b5be34de038fbbfb38ab1","stroop","","","","","","scroll","blue","blue","","","","","","","","","","","","","","","","",""
"","ec-html-keyboard-response","65","338535","0.0-65.0","","","null",""," ","","","","","","","","","","null","","","","","","","","","","","","","","","","",""
"","ec-html-keyboard-response","66","339037","0.0-66.0","","","null",""," ","","","","","","","","","<p style=""font-size: 60px; color: white;"">+</p>","null","","","","","","","","","","","","","","","","",""
"","ec-html-keyboard-response","67","340433","0.0-67.0","","","1396","","R","scd_674b5be34de038fbbfb38ab1","stroop","","","","","","scroll","red","red","","","","","","","","","","","","","","","","",""
"","ec-html-keyboard-response","68","340688","0.0-68.0","","","null",""," ","","","","","","","","","","null","","","","","","","","","","","","","","","","",""
"","ec-html-keyboard-response","69","341191","0.0-69.0","","","null",""," ","","","","","","","","","<p style=""font-size: 60px; color: white;"">+</p>","null","","","","","","","","","","","","","","","","",""
"","ec-html-keyboard-response","70","343217","0.0-70.0","","","2025.9999999999418","","B","scd_674b5be34de038fbbfb38ab1","stroop","","","","","","scroll","blue","blue","","","","","","","","","","","","","","","","",""
"","ec-html-keyboard-response","71","343471","0.0-71.0","","","null",""," ","","","","","","","","","","null","","","","","","","","","","","","","","","","",""
"","ec-html-keyboard-response","72","343973","0.0-72.0","","","null",""," ","","","","","","","","","<p style=""font-size: 60px; color: white;"">+</p>","null","","","","","","","","","","","","","","","","",""
"","ec-html-keyboard-response","73","345617","0.0-73.0","","","1644","","R","scd_674b5be34de038fbbfb38ab1","stroop","","","","","","scroll","green","red","","","","","","","","","","","","","","","","",""
"","ec-html-keyboard-response","74","345871","0.0-74.0","","","null",""," ","","","","","","","","","","null","","","","","","","","","","","","","","","","",""
"","ec-html-keyboard-response","75","346373","0.0-75.0","","","null",""," ","","","","","","","","","<p style=""font-size: 60px; color: white;"">+</p>","null","","","","","","","","","","","","","","","","",""
"","ec-html-keyboard-response","76","347632","0.0-76.0","","","1258","","R","scd_674b5be34de038fbbfb38ab1","stroop","","","","","","scroll","green","red","","","","","","","","","","","","","","","","",""
"","ec-html-keyboard-response","77","347886","0.0-77.0","","","null",""," ","","","","","","","","","","null","","","","","","","","","","","","","","","","",""
"","ec-html-keyboard-response","78","348388","0.0-78.0","","","null",""," ","","","","","","","","","<p style=""font-size: 60px; color: white;"">+</p>","null","","","","","","","","","","","","","","","","",""
"","ec-html-keyboard-response","79","349513","0.0-79.0","","","1124","","Y","scd_674b5be34de038fbbfb38ab1","stroop","","","","","","scroll","green","yellow","","","","","","","","","","","","","","","","",""
"","ec-html-keyboard-response","80","349766","0.0-80.0","","","null",""," ","","","","","","","","","","null","","","","","","","","","","","","","","","","",""
"","ec-html-keyboard-response","81","350269","0.0-81.0","","","null",""," ","","","","","","","","","<p style=""font-size: 60px; color: white;"">+</p>","null","","","","","","","","","","","","","","","","",""
"","ec-html-keyboard-response","82","351852","0.0-82.0","","","1583.0000000000582","","R","scd_674b5be34de038fbbfb38ab1","stroop","","","","","","scroll","yellow","red","","","","","","","","","","","","","","","","",""
"","ec-html-keyboard-response","83","352105","0.0-83.0","","","null",""," ","","","","","","","","","","null","","","","","","","","","","","","","","","","",""
"","ec-html-keyboard-response","84","352608","0.0-84.0","","","null",""," ","","","","","","","","","<p style=""font-size: 60px; color: white;"">+</p>","null","","","","","","","","","","","","","","","","",""
"","ec-html-keyboard-response","85","353833","0.0-85.0","","","1225","","R","scd_674b5be34de038fbbfb38ab1","stroop","","","","","","scroll","red","red","","","","","","","","","","","","","","","","",""
"","ec-html-keyboard-response","86","354086","0.0-86.0","","","null",""," ","","","","","","","","","","null","","","","","","","","","","","","","","","","",""
"","ec-html-keyboard-response","87","354589","0.0-87.0","","","null",""," ","","","","","","","","","<p style=""font-size: 60px; color: white;"">+</p>","null","","","","","","","","","","","","","","","","",""
"","ec-html-keyboard-response","88","355953","0.0-88.0","","","1362.0000000000582","","Y","scd_674b5be34de038fbbfb38ab1","stroop","","","","","","scroll","yellow","yellow","","","","","","","","","","","","","","","","",""
"","ec-html-keyboard-response","89","356207","0.0-89.0","","","null",""," ","","","","","","","","","","null","","","","","","","","","","","","","","","","",""
"","ec-html-keyboard-response","90","356709","0.0-90.0","","","null",""," ","","","","","","","","","<p style=""font-size: 60px; color: white;"">+</p>","null","","","","","","","","","","","","","","","","",""
"","ec-html-keyboard-response","91","358625","0.0-91.0","","","1915","","G","scd_674b5be34de038fbbfb38ab1","stroop","","","","","","scroll","red","green","","","","","","","","","","","","","","","","",""
"","ec-html-keyboard-response","92","358878","0.0-92.0","","","null",""," ","","","","","","","","","","null","","","","","","","","","","","","","","","","",""
"","ec-html-keyboard-response","93","359381","0.0-93.0","","","null",""," ","","","","","","","","","<p style=""font-size: 60px; color: white;"">+</p>","null","","","","","","","","","","","","","","","","",""
"","ec-html-keyboard-response","94","360480","0.0-94.0","","","1098","","B","scd_674b5be34de038fbbfb38ab1","stroop","","","","","","scroll","red","blue","","","","","","","","","","","","","","","","",""
"","ec-html-keyboard-response","95","360734","0.0-95.0","","","null",""," ","","","","","","","","","","null","","","","","","","","","","","","","","","","",""
"","ec-html-keyboard-response","96","361236","0.0-96.0","","","null",""," ","","","","","","","","","<p style=""font-size: 60px; color: white;"">+</p>","null","","","","","","","","","","","","","","","","",""
"","ec-html-keyboard-response","97","362344","0.0-97.0","","","1107.0000000000582","","B","scd_674b5be34de038fbbfb38ab1","stroop","","","","","","scroll","blue","blue","","","","","","","","","","","","","","","","",""
"","ec-html-keyboard-response","98","362598","0.0-98.0","","","null",""," ","","","","","","","","","","null","","","","","","","","","","","","","","","","",""
"","ec-html-keyboard-response","99","363101","0.0-99.0","","","null",""," ","","","","","","","","","<p style=""font-size: 60px; color: white;"">+</p>","null","","","","","","","","","","","","","","","","",""
"","ec-html-keyboard-response","100","364608","0.0-100.0","","","1506.9999999999418","","R","scd_674b5be34de038fbbfb38ab1","stroop","","","","","","scroll","red","red","","","","","","","","","","","","","","","","",""
"","ec-html-keyboard-response","101","364861","0.0-101.0","","","null",""," ","","","","","","","","","","null","","","","","","","","","","","","","","","","",""
"","ec-html-keyboard-response","102","365364","0.0-102.0","","","null",""," ","","","","","","","","","<p style=""font-size: 60px; color: white;"">+</p>","null","","","","","","","","","","","","","","","","",""
"","ec-html-keyboard-response","103","366560","0.0-103.0","","","1196","","G","scd_674b5be34de038fbbfb38ab1","stroop","","","","","","scroll","blue","green","","","","","","","","","","","","","","","","",""
"","ec-html-keyboard-response","104","366814","0.0-104.0","","","null",""," ","","","","","","","","","","null","","","","","","","","","","","","","","","","",""
"","ec-html-keyboard-response","105","367316","0.0-105.0","","","null",""," ","","","","","","","","","<p style=""font-size: 60px; color: white;"">+</p>","null","","","","","","","","","","","","","","","","",""
"","ec-html-keyboard-response","106","368353","0.0-106.0","","","1037","","G","scd_674b5be34de038fbbfb38ab1","stroop","","","","","","scroll","blue","green","","","","","","","","","","","","","","","","",""
"","ec-html-keyboard-response","107","368606","0.0-107.0","","","null",""," ","","","","","","","","","","null","","","","","","","","","","","","","","","","",""
"","ec-html-keyboard-response","108","369109","0.0-108.0","","","null",""," ","","","","","","","","","<p style=""font-size: 60px; color: white;"">+</p>","null","","","","","","","","","","","","","","","","",""
"","ec-html-keyboard-response","109","370304","0.0-109.0","","","1195","","Y","scd_674b5be34de038fbbfb38ab1","stroop","","","","","","scroll","yellow","yellow","","","","","","","","","","","","","","","","",""
"","ec-html-keyboard-response","110","370558","0.0-110.0","","","null",""," ","","","","","","","","","","null","","","","","","","","","","","","","","","","",""
"","ec-html-keyboard-response","111","371061","0.0-111.0","","","null",""," ","","","","","","","","","<p style=""font-size: 60px; color: white;"">+</p>","null","","","","","","","","","","","","","","","","",""
"","ec-html-keyboard-response","112","372232","0.0-112.0","","","1171","","G","scd_674b5be34de038fbbfb38ab1","stroop","","","","","","scroll","yellow","green","","","","","","","","","","","","","","","","",""
"","ec-html-keyboard-response","113","372485","0.0-113.0","","","null",""," ","","","","","","","","","","null","","","","","","","","","","","","","","","","",""
"","ec-html-keyboard-response","114","372987","0.0-114.0","","","null",""," ","","","","","","","","","<p style=""font-size: 60px; color: white;"">+</p>","null","","","","","","","","","","","","","","","","",""
"","ec-html-keyboard-response","115","373920","0.0-115.0","","","933","","G","scd_674b5be34de038fbbfb38ab1","stroop","","","","","","scroll","green","green","","","","","","","","","","","","","","","","",""
"","ec-html-keyboard-response","116","374174","0.0-116.0","","","null",""," ","","","","","","","","","","null","","","","","","","","","","","","","","","","",""
"","ec-html-keyboard-response","117","374677","0.0-117.0","","","null",""," ","","","","","","","","","<p style=""font-size: 60px; color: white;"">+</p>","null","","","","","","","","","","","","","","","","",""
"","ec-html-keyboard-response","118","375856","0.0-118.0","","","1179.0000000000582","","R","scd_674b5be34de038fbbfb38ab1","stroop","","","","","","scroll","red","red","","","","","","","","","","","","","","","","",""
"","ec-html-keyboard-response","119","376110","0.0-119.0","","","null",""," ","","","","","","","","","","null","","","","","","","","","","","","","","","","",""
"","ec-html-keyboard-response","120","376612","0.0-120.0","","","null",""," ","","","","","","","","","<p style=""font-size: 60px; color: white;"">+</p>","null","","","","","","","","","","","","","","","","",""
"","ec-html-keyboard-response","121","377696","0.0-121.0","","","1084","","B","scd_674b5be34de038fbbfb38ab1","stroop","","","","","","scroll","blue","blue","","","","","","","","","","","","","","","","",""
"","ec-html-keyboard-response","122","377951","0.0-122.0","","","null",""," ","","","","","","","","","","null","","","","","","","","","","","","","","","","",""
"","ec-html-keyboard-response","123","378453","0.0-123.0","","","null",""," ","","","","","","","","","<p style=""font-size: 60px; color: white;"">+</p>","null","","","","","","","","","","","","","","","","",""
"","ec-html-keyboard-response","124","379792","0.0-124.0","","","1339","","R","scd_674b5be34de038fbbfb38ab1","stroop","","","","","","scroll","red","red","","","","","","","","","","","","","","","","",""
"","ec-html-keyboard-response","125","380048","0.0-125.0","","","null",""," ","","","","","","","","","","null","","","","","","","","","","","","","","","","",""
"","ec-html-keyboard-response","126","380550","0.0-126.0","","","null",""," ","","","","","","","","","<p style=""font-size: 60px; color: white;"">+</p>","null","","","","","","","","","","","","","","","","",""
"","ec-html-keyboard-response","127","381704","0.0-127.0","","","1152","","B","scd_674b5be34de038fbbfb38ab1","stroop","","","","","","scroll","blue","blue","","","","","","","","","","","","","","","","",""
"","ec-html-keyboard-response","128","381707","0.0-128.0","","","null",""," ","scd_674b5be34de038fbbfb38ab1","stroop-correct-resp","","","","","","","","null","40","","","","","","","","","","","","","","","",""
"","ec-decision-debrief","129","468475","0.0-129.0","","","","","","scd_674b5be34de038fbbfb38ab1","decision-debrief","","","","","","scroll","","","","Fridge 3","images/fridge2.png,images/fridge3.png,images/fridge4.png,images/fridge6.png","Other freezers,Dual cooling system,Single cooling system,Energy efficient,Not energy efficient,French doors,No built in water filter,Warranty,No touchscreen,Spill proof shelves,Water dispenser,Touchscreen / Bluetooth Connectivity,Bottom freezer,Built in water filter,No warranty (or less warranty),Ice dispenser,No ice dispenser,Quiet (<40 dB),Single door","4","19","0","0","","","","","","","","",""
"true","fullscreen","130","469478","0.0-130.0","1280","697","","","","","","","","","","","","","","","","","","","","","","","","","","","","","",""
"","survey-html-form","131","536697","0.0-131.0-0.0","","","67215","","","scd_674b5be34de038fbbfb38ab1","debrief","","","","","","","","","","","","","","","","","{""age"":""32"",""gender"":""male"",""what_about"":""Testing comprehension and memorization"",""prev_exp"":""No"",""problems"":""No"",""addl"":""No"",""attn"":""90""}","C9NELSVN","32","male","Testing comprehension and memorization","No","No","No","90"
"","html-keyboard-response","132","539623","0.0-132.0","","","2922","<p>Great, you have completed this experiment.  Please press spacebar to proceed to the next page, and get your code.</p>","32","scd_674b5be34de038fbbfb38ab1","instruct_prompt","","","","","","","","","","","","","","","","","","","","","","","","",""
