"success","trial_type","trial_index","time_elapsed","internal_node_id","screen_width","screen_height","rt","stimulus","key_press","subj_id","test_part","url","liked_images","num_liked","unliked_images","num_unliked","key_condition","stimulus_text","font_color","correct_responses","responses","question_order","remembered_images","num_images_remembered","num_false_alarms","completion_code","resp_age","resp_gender","resp_expt","resp_experience","resp_problems","resp_final","resp_attention"
"true","fullscreen","0","4110","0.0-0.0","1440","900","","","","","","","","","","","","","","","","","","","","","","","","","","",""
"","html-keyboard-response","1","13559","0.0-1.0","1440","900","9444","<h5>In order to run this study, we need to include the standard consent form below.</h5><h3>Please read and press the Y key to continue.</h3><h1>Consent for Participation</h1><div style='width: 100%; text-align: center'><div style='display: inline-block; margin: 0 auto; padding: 10px 200px 10px 200px; text-align: left'>Ethics ID#H24-01576<br>Department of Psychology<br>2136 West Mall, Vancouver, BC V6T 1Z4, Canada<br>+1 604-822-2755<h5>STUDY TITLE</h5><p>Perceiving Objects and Events</p><h5>PRINCIPAL INVESTIGATOR</h5><p>Joan Ongchoco (joan.ongchoco@psych.ubc.ca)<br>Assistant Professor, Department of Psychology</p><h5>RESEARCH STUDY SUMMARY, RISKS, AND BENEFITS</h5><p>Thank you for volunteering to participate in this research study.  Please take the time to read the following, and feel free to ask questions about the study details.  Taking part in this study is your choice.  You can choose to take part, or you can choose not to take part in this study.  You can also change your mind at any time, with no penalty.  The purpose of this study is to better understand how we see and how we think.  In this study, you will be asked to examine simple shapes or images, or to listen to simple musical sequences.  Afterwards, you will be asked to answer questions about what you saw or heard by pressing some keys or using a computer mouse.  Because these are activities that many people already experience hundreds or thousands of times every day, there are no risks involved in this study.  The study may have no benefits to you, but it may help the scientific community come to better understand how the human mind works.</p><h5>DURATION</h5><p>If you agree to take part, the study will last approximately <strong>7 minutes</strong>.</p><h5>COSTS AND COMPENSATION</h5><p>There are no costs associated with participation in this study.  You will receive 1.05 GBP.</p><h5>CONFIDENTIALITY</h5><p>No personally identifying information will be collected, so your participation will be entirely anonymous.  Your data will be pooled with those from other participants, and will be stored in a secure lab server which can only be accessed by the study team members.  Your data may be included in scientific publications. Depending on journal open access requirements, data collected from this study may be uploaded to public data repositories. As the data is collected anonymously, once the survey is submitted, you will no longer be able to withdraw your data.</p><h5>LEARNING MORE</h5><p>If you have questions about this study, you may contact your experimenter Joan Ongchoco at joan.ongchoco@psych.ubc.ca. If you have any concerns or complaints about your rights as a research participant and/or your experiences while participating in this study, contact the Research Participant Complaint Line in the UBC Office of Research Ethics at 604-822-8598 or if long distance e-mail RSIL@ors.ubc.ca or call toll free 1-877-822-8598.</p><h5>INFORMED CONSENT</h5><p>Your participation indicates that you have read and understood this consent form and the information presented and that you agree to be in this study.</p></div></div><h2 style='text-align: center'>PRESS THE Y KEY TO SUBMIT YOUR CONSENT.</h2><p></p><p></p>","89","sca_663e3cee2f8130003c0efdaf","consent","https://perception.psych.ubc.ca/expts/EC/ExpSS/expt-sca.html","","","","","","","","","","","","","","","","","","","","",""
"","jo-html-keyboard-response","2","22043","0.0-2.0","","","3478","<p>Hi! Thank you for volunteering to help out with our study.  Please take a moment to adjust your seating so that you can comfortably watch the monitor and use the keyboard.  Feel free to dim the lights as well.</p><p>Close the door or do whatever is necessary to minimize disturbance during the experiment.  Please also take a moment to silence your phone so that you are not interrupted by any messages mid-experiment.</p><p>Throughout this experiment, you will see greyed out text as in the last line below.</p><p>And a quick note: This text will contain the instructions for how to move to the next page -- which will typically involve pressing the spacebar.  You will not be able to press the spacebar until after a brief period of time has elapsed.  Please use that time to read the instructions on the given page.  Once the greyed out text has turned black, and you have finished reading the instructions, you will then be able to proceed by pressing the relevant key.","32","sca_663e3cee2f8130003c0efdaf","instruct_prompt","","","","","","","","","","","","","","","","","","","","","",""
"","jo-html-keyboard-response","3","30243","0.0-3.0","","","8197.000000000007","
    <div style='margin: auto 0; text-align: center;'>
      <p>For this study, we’d like you to go through the images presented to you as if you’re going through your social media feed for the next 3 minutes.</p>
      <p>Like on social media, you can choose to “like” images by clicking the ""Like"" button.</p>
      <p>To navigate between images, <b>scroll up</b> for the next image and <b>down</b> for the previous one.</p>
      <br>
      <p>Afterwards, we will ask you a few questions.</p>
    </div>
  ","32","sca_663e3cee2f8130003c0efdaf","aesthetic_instructions","","","","","","","","","","","","","","","","","","","","","",""
"","html-keyboard-response","4","30746","0.0-4.0","","","null","<div style=""font-size:60px;""></div>","null","sca_663e3cee2f8130003c0efdaf","blank","","","","","","","","","","","","","","","","","","","","","",""
"","ec-scroll-image-response","5","210755","0.0-5.0","","","","","","sca_663e3cee2f8130003c0efdaf","scroll-aesthetic","","images/pretty6.jpg,images/pretty49.jpg,images/ugly5.jpg,images/ugly3.jpg,images/pretty12.jpg,images/pretty34.jpg,images/pretty17.jpg,images/ugly20.jpg,images/pretty18.jpg,images/ugly36.jpg,images/pretty16.jpg,images/pretty8.jpg,images/pretty21.jpg,images/pretty29.jpg,images/pretty39.jpg,images/pretty51.jpg,images/pretty40.jpg,images/pretty27.jpg,images/pretty7.jpg,images/pretty55.jpg,images/pretty32.jpg,images/pretty46.jpg","22","images/ugly43.jpg,images/ugly4.jpg,images/ugly31.jpg,images/ugly17.jpg,images/ugly27.jpg,images/ugly13.jpg,images/pretty44.jpg,images/pretty28.jpg,images/ugly21.jpg,images/ugly25.jpg,images/ugly53.jpg,images/pretty48.jpg,images/pretty35.jpg,images/ugly23.jpg,images/ugly6.jpg,images/pretty52.jpg,images/ugly33.jpg,images/pretty25.jpg,images/ugly9.jpg,images/pretty23.jpg,images/ugly56.jpg,images/ugly28.jpg,images/pretty33.jpg,images/ugly39.jpg,images/ugly8.jpg,images/ugly15.jpg,images/ugly1.jpg,images/ugly45.jpg,images/pretty26.jpg,images/ugly24.jpg,images/ugly11.jpg,images/ugly7.jpg","32","scroll","","","","","","","","","","","","","","","",""
"","html-keyboard-response","6","211260","0.0-6.0","","","null","<div style=""font-size:60px;""></div>","null","sca_663e3cee2f8130003c0efdaf","blank","","","","","","","","","","","","","","","","","","","","","",""
"","jo-html-keyboard-response","7","235895","0.0-7.0","","","24631","<div style='margin: auto 0'><p>In this task, you will see color names (red, green, blue, yellow) in different &quot;print&quot; color. For example, if you see:</p><p style=""color: red;"">GREEN</p><p>You need to respond to the print color (red), and press the associated button (""r""). The other buttons used in this study are &quot;g&quot;, &quot;b&quot;, and &quot;y&quot;, for green, blue and yellow.</p><p>Please place your fingers on the relevant keys to prepare.</p></div>","32","sca_663e3cee2f8130003c0efdaf","instruct_prompt","","","","","","","","","","","","","","","","","","","","","",""
"","ec-html-keyboard-response","8","236152","0.0-8.0","","","null",""," ","","","","","","","","","","null","","","","","","","","","","","","","",""
"","ec-html-keyboard-response","9","236654","0.0-9.0","","","null",""," ","","","","","","","","","<p style=""font-size: 60px; color: white;"">+</p>","null","","","","","","","","","","","","","",""
"","ec-html-keyboard-response","10","238643","0.0-10.0","","","1986.999999999971","","Y","sca_663e3cee2f8130003c0efdaf","stroop","","","","","","scroll","blue","yellow","","","","","","","","","","","","","",""
"","ec-html-keyboard-response","11","238899","0.0-11.0","","","null",""," ","","","","","","","","","","null","","","","","","","","","","","","","",""
"","ec-html-keyboard-response","12","239402","0.0-12.0","","","null",""," ","","","","","","","","","<p style=""font-size: 60px; color: white;"">+</p>","null","","","","","","","","","","","","","",""
"","ec-html-keyboard-response","13","241985","0.0-13.0","","","2580","","B","sca_663e3cee2f8130003c0efdaf","stroop","","","","","","scroll","blue","blue","","","","","","","","","","","","","",""
"","ec-html-keyboard-response","14","242239","0.0-14.0","","","null",""," ","","","","","","","","","","null","","","","","","","","","","","","","",""
"","ec-html-keyboard-response","15","242743","0.0-15.0","","","null",""," ","","","","","","","","","<p style=""font-size: 60px; color: white;"">+</p>","null","","","","","","","","","","","","","",""
"","ec-html-keyboard-response","16","243659","0.0-16.0","","","915","","B","sca_663e3cee2f8130003c0efdaf","stroop","","","","","","scroll","blue","blue","","","","","","","","","","","","","",""
"","ec-html-keyboard-response","17","243914","0.0-17.0","","","null",""," ","","","","","","","","","","null","","","","","","","","","","","","","",""
"","ec-html-keyboard-response","18","244418","0.0-18.0","","","null",""," ","","","","","","","","","<p style=""font-size: 60px; color: white;"">+</p>","null","","","","","","","","","","","","","",""
"","ec-html-keyboard-response","19","245704","0.0-19.0","","","1282","","Y","sca_663e3cee2f8130003c0efdaf","stroop","","","","","","scroll","yellow","yellow","","","","","","","","","","","","","",""
"","ec-html-keyboard-response","20","245960","0.0-20.0","","","null",""," ","","","","","","","","","","null","","","","","","","","","","","","","",""
"","ec-html-keyboard-response","21","246462","0.0-21.0","","","null",""," ","","","","","","","","","<p style=""font-size: 60px; color: white;"">+</p>","null","","","","","","","","","","","","","",""
"","ec-html-keyboard-response","22","247779","0.0-22.0","","","1315","","B","sca_663e3cee2f8130003c0efdaf","stroop","","","","","","scroll","blue","blue","","","","","","","","","","","","","",""
"","ec-html-keyboard-response","23","248034","0.0-23.0","","","null",""," ","","","","","","","","","","null","","","","","","","","","","","","","",""
"","ec-html-keyboard-response","24","248538","0.0-24.0","","","null",""," ","","","","","","","","","<p style=""font-size: 60px; color: white;"">+</p>","null","","","","","","","","","","","","","",""
"","ec-html-keyboard-response","25","249622","0.0-25.0","","","1083","","Y","sca_663e3cee2f8130003c0efdaf","stroop","","","","","","scroll","yellow","yellow","","","","","","","","","","","","","",""
"","ec-html-keyboard-response","26","249876","0.0-26.0","","","null",""," ","","","","","","","","","","null","","","","","","","","","","","","","",""
"","ec-html-keyboard-response","27","250378","0.0-27.0","","","null",""," ","","","","","","","","","<p style=""font-size: 60px; color: white;"">+</p>","null","","","","","","","","","","","","","",""
"","ec-html-keyboard-response","28","251876","0.0-28.0","","","1497.000000000029","","Y","sca_663e3cee2f8130003c0efdaf","stroop","","","","","","scroll","blue","yellow","","","","","","","","","","","","","",""
"","ec-html-keyboard-response","29","252131","0.0-29.0","","","null",""," ","","","","","","","","","","null","","","","","","","","","","","","","",""
"","ec-html-keyboard-response","30","252633","0.0-30.0","","","null",""," ","","","","","","","","","<p style=""font-size: 60px; color: white;"">+</p>","null","","","","","","","","","","","","","",""
"","ec-html-keyboard-response","31","253890","0.0-31.0","","","1252.000000000029","","R","sca_663e3cee2f8130003c0efdaf","stroop","","","","","","scroll","blue","red","","","","","","","","","","","","","",""
"","ec-html-keyboard-response","32","254144","0.0-32.0","","","null",""," ","","","","","","","","","","null","","","","","","","","","","","","","",""
"","ec-html-keyboard-response","33","254647","0.0-33.0","","","null",""," ","","","","","","","","","<p style=""font-size: 60px; color: white;"">+</p>","null","","","","","","","","","","","","","",""
"","ec-html-keyboard-response","34","256232","0.0-34.0","","","1584","","R","sca_663e3cee2f8130003c0efdaf","stroop","","","","","","scroll","green","red","","","","","","","","","","","","","",""
"","ec-html-keyboard-response","35","256487","0.0-35.0","","","null",""," ","","","","","","","","","","null","","","","","","","","","","","","","",""
"","ec-html-keyboard-response","36","256990","0.0-36.0","","","null",""," ","","","","","","","","","<p style=""font-size: 60px; color: white;"">+</p>","null","","","","","","","","","","","","","",""
"","ec-html-keyboard-response","37","258548","0.0-37.0","","","1556.999999999971","","G","sca_663e3cee2f8130003c0efdaf","stroop","","","","","","scroll","yellow","green","","","","","","","","","","","","","",""
"","ec-html-keyboard-response","38","258804","0.0-38.0","","","null",""," ","","","","","","","","","","null","","","","","","","","","","","","","",""
"","ec-html-keyboard-response","39","259307","0.0-39.0","","","null",""," ","","","","","","","","","<p style=""font-size: 60px; color: white;"">+</p>","null","","","","","","","","","","","","","",""
"","ec-html-keyboard-response","40","260384","0.0-40.0","","","1075.9999999999418","","Y","sca_663e3cee2f8130003c0efdaf","stroop","","","","","","scroll","blue","yellow","","","","","","","","","","","","","",""
"","ec-html-keyboard-response","41","260639","0.0-41.0","","","null",""," ","","","","","","","","","","null","","","","","","","","","","","","","",""
"","ec-html-keyboard-response","42","261142","0.0-42.0","","","null",""," ","","","","","","","","","<p style=""font-size: 60px; color: white;"">+</p>","null","","","","","","","","","","","","","",""
"","ec-html-keyboard-response","43","262080","0.0-43.0","","","937","","B","sca_663e3cee2f8130003c0efdaf","stroop","","","","","","scroll","blue","blue","","","","","","","","","","","","","",""
"","ec-html-keyboard-response","44","262335","0.0-44.0","","","null",""," ","","","","","","","","","","null","","","","","","","","","","","","","",""
"","ec-html-keyboard-response","45","262837","0.0-45.0","","","null",""," ","","","","","","","","","<p style=""font-size: 60px; color: white;"">+</p>","null","","","","","","","","","","","","","",""
"","ec-html-keyboard-response","46","264130","0.0-46.0","","","1290","","B","sca_663e3cee2f8130003c0efdaf","stroop","","","","","","scroll","red","blue","","","","","","","","","","","","","",""
"","ec-html-keyboard-response","47","264385","0.0-47.0","","","null",""," ","","","","","","","","","","null","","","","","","","","","","","","","",""
"","ec-html-keyboard-response","48","264887","0.0-48.0","","","null",""," ","","","","","","","","","<p style=""font-size: 60px; color: white;"">+</p>","null","","","","","","","","","","","","","",""
"","ec-html-keyboard-response","49","266336","0.0-49.0","","","1446","","R","sca_663e3cee2f8130003c0efdaf","stroop","","","","","","scroll","red","red","","","","","","","","","","","","","",""
"","ec-html-keyboard-response","50","266592","0.0-50.0","","","null",""," ","","","","","","","","","","null","","","","","","","","","","","","","",""
"","ec-html-keyboard-response","51","267094","0.0-51.0","","","null",""," ","","","","","","","","","<p style=""font-size: 60px; color: white;"">+</p>","null","","","","","","","","","","","","","",""
"","ec-html-keyboard-response","52","268399","0.0-52.0","","","1302","","G","sca_663e3cee2f8130003c0efdaf","stroop","","","","","","scroll","green","green","","","","","","","","","","","","","",""
"","ec-html-keyboard-response","53","268654","0.0-53.0","","","null",""," ","","","","","","","","","","null","","","","","","","","","","","","","",""
"","ec-html-keyboard-response","54","269157","0.0-54.0","","","null",""," ","","","","","","","","","<p style=""font-size: 60px; color: white;"">+</p>","null","","","","","","","","","","","","","",""
"","ec-html-keyboard-response","55","270359","0.0-55.0","","","1198.9999999999418","","G","sca_663e3cee2f8130003c0efdaf","stroop","","","","","","scroll","green","green","","","","","","","","","","","","","",""
"","ec-html-keyboard-response","56","270614","0.0-56.0","","","null",""," ","","","","","","","","","","null","","","","","","","","","","","","","",""
"","ec-html-keyboard-response","57","271117","0.0-57.0","","","null",""," ","","","","","","","","","<p style=""font-size: 60px; color: white;"">+</p>","null","","","","","","","","","","","","","",""
"","ec-html-keyboard-response","58","272139","0.0-58.0","","","1020","","Y","sca_663e3cee2f8130003c0efdaf","stroop","","","","","","scroll","blue","yellow","","","","","","","","","","","","","",""
"","ec-html-keyboard-response","59","272393","0.0-59.0","","","null",""," ","","","","","","","","","","null","","","","","","","","","","","","","",""
"","ec-html-keyboard-response","60","272895","0.0-60.0","","","null",""," ","","","","","","","","","<p style=""font-size: 60px; color: white;"">+</p>","null","","","","","","","","","","","","","",""
"","ec-html-keyboard-response","61","273990","0.0-61.0","","","1092.9999999999418","","B","sca_663e3cee2f8130003c0efdaf","stroop","","","","","","scroll","green","blue","","","","","","","","","","","","","",""
"","ec-html-keyboard-response","62","274246","0.0-62.0","","","null",""," ","","","","","","","","","","null","","","","","","","","","","","","","",""
"","ec-html-keyboard-response","63","274749","0.0-63.0","","","null",""," ","","","","","","","","","<p style=""font-size: 60px; color: white;"">+</p>","null","","","","","","","","","","","","","",""
"","ec-html-keyboard-response","64","276091","0.0-64.0","","","1340","","R","sca_663e3cee2f8130003c0efdaf","stroop","","","","","","scroll","red","red","","","","","","","","","","","","","",""
"","ec-html-keyboard-response","65","276346","0.0-65.0","","","null",""," ","","","","","","","","","","null","","","","","","","","","","","","","",""
"","ec-html-keyboard-response","66","276849","0.0-66.0","","","null",""," ","","","","","","","","","<p style=""font-size: 60px; color: white;"">+</p>","null","","","","","","","","","","","","","",""
"","ec-html-keyboard-response","67","277908","0.0-67.0","","","1057","","R","sca_663e3cee2f8130003c0efdaf","stroop","","","","","","scroll","red","red","","","","","","","","","","","","","",""
"","ec-html-keyboard-response","68","278162","0.0-68.0","","","null",""," ","","","","","","","","","","null","","","","","","","","","","","","","",""
"","ec-html-keyboard-response","69","278665","0.0-69.0","","","null",""," ","","","","","","","","","<p style=""font-size: 60px; color: white;"">+</p>","null","","","","","","","","","","","","","",""
"","ec-html-keyboard-response","70","279600","0.0-70.0","","","934","","R","sca_663e3cee2f8130003c0efdaf","stroop","","","","","","scroll","red","red","","","","","","","","","","","","","",""
"","ec-html-keyboard-response","71","279855","0.0-71.0","","","null",""," ","","","","","","","","","","null","","","","","","","","","","","","","",""
"","ec-html-keyboard-response","72","280358","0.0-72.0","","","null",""," ","","","","","","","","","<p style=""font-size: 60px; color: white;"">+</p>","null","","","","","","","","","","","","","",""
"","ec-html-keyboard-response","73","281516","0.0-73.0","","","1157","","R","sca_663e3cee2f8130003c0efdaf","stroop","","","","","","scroll","red","red","","","","","","","","","","","","","",""
"","ec-html-keyboard-response","74","281772","0.0-74.0","","","null",""," ","","","","","","","","","","null","","","","","","","","","","","","","",""
"","ec-html-keyboard-response","75","282274","0.0-75.0","","","null",""," ","","","","","","","","","<p style=""font-size: 60px; color: white;"">+</p>","null","","","","","","","","","","","","","",""
"","ec-html-keyboard-response","76","283331","0.0-76.0","","","1055","","R","sca_663e3cee2f8130003c0efdaf","stroop","","","","","","scroll","red","red","","","","","","","","","","","","","",""
"","ec-html-keyboard-response","77","283586","0.0-77.0","","","null",""," ","","","","","","","","","","null","","","","","","","","","","","","","",""
"","ec-html-keyboard-response","78","284089","0.0-78.0","","","null",""," ","","","","","","","","","<p style=""font-size: 60px; color: white;"">+</p>","null","","","","","","","","","","","","","",""
"","ec-html-keyboard-response","79","285305","0.0-79.0","","","1214","","G","sca_663e3cee2f8130003c0efdaf","stroop","","","","","","scroll","green","green","","","","","","","","","","","","","",""
"","ec-html-keyboard-response","80","285559","0.0-80.0","","","null",""," ","","","","","","","","","","null","","","","","","","","","","","","","",""
"","ec-html-keyboard-response","81","286061","0.0-81.0","","","null",""," ","","","","","","","","","<p style=""font-size: 60px; color: white;"">+</p>","null","","","","","","","","","","","","","",""
"","ec-html-keyboard-response","82","287270","0.0-82.0","","","1206","","B","sca_663e3cee2f8130003c0efdaf","stroop","","","","","","scroll","red","blue","","","","","","","","","","","","","",""
"","ec-html-keyboard-response","83","287525","0.0-83.0","","","null",""," ","","","","","","","","","","null","","","","","","","","","","","","","",""
"","ec-html-keyboard-response","84","288028","0.0-84.0","","","null",""," ","","","","","","","","","<p style=""font-size: 60px; color: white;"">+</p>","null","","","","","","","","","","","","","",""
"","ec-html-keyboard-response","85","289583","0.0-85.0","","","1553.0000000000582","","G","sca_663e3cee2f8130003c0efdaf","stroop","","","","","","scroll","red","green","","","","","","","","","","","","","",""
"","ec-html-keyboard-response","86","289838","0.0-86.0","","","null",""," ","","","","","","","","","","null","","","","","","","","","","","","","",""
"","ec-html-keyboard-response","87","290341","0.0-87.0","","","null",""," ","","","","","","","","","<p style=""font-size: 60px; color: white;"">+</p>","null","","","","","","","","","","","","","",""
"","ec-html-keyboard-response","88","291568","0.0-88.0","","","1225","","B","sca_663e3cee2f8130003c0efdaf","stroop","","","","","","scroll","blue","blue","","","","","","","","","","","","","",""
"","ec-html-keyboard-response","89","291823","0.0-89.0","","","null",""," ","","","","","","","","","","null","","","","","","","","","","","","","",""
"","ec-html-keyboard-response","90","292326","0.0-90.0","","","null",""," ","","","","","","","","","<p style=""font-size: 60px; color: white;"">+</p>","null","","","","","","","","","","","","","",""
"","ec-html-keyboard-response","91","294174","0.0-91.0","","","1846","","G","sca_663e3cee2f8130003c0efdaf","stroop","","","","","","scroll","red","green","","","","","","","","","","","","","",""
"","ec-html-keyboard-response","92","294430","0.0-92.0","","","null",""," ","","","","","","","","","","null","","","","","","","","","","","","","",""
"","ec-html-keyboard-response","93","294932","0.0-93.0","","","null",""," ","","","","","","","","","<p style=""font-size: 60px; color: white;"">+</p>","null","","","","","","","","","","","","","",""
"","ec-html-keyboard-response","94","296141","0.0-94.0","","","1206.9999999999418","","Y","sca_663e3cee2f8130003c0efdaf","stroop","","","","","","scroll","yellow","yellow","","","","","","","","","","","","","",""
"","ec-html-keyboard-response","95","296395","0.0-95.0","","","null",""," ","","","","","","","","","","null","","","","","","","","","","","","","",""
"","ec-html-keyboard-response","96","296898","0.0-96.0","","","null",""," ","","","","","","","","","<p style=""font-size: 60px; color: white;"">+</p>","null","","","","","","","","","","","","","",""
"","ec-html-keyboard-response","97","298106","0.0-97.0","","","1206","","G","sca_663e3cee2f8130003c0efdaf","stroop","","","","","","scroll","yellow","green","","","","","","","","","","","","","",""
"","ec-html-keyboard-response","98","298360","0.0-98.0","","","null",""," ","","","","","","","","","","null","","","","","","","","","","","","","",""
"","ec-html-keyboard-response","99","298862","0.0-99.0","","","null",""," ","","","","","","","","","<p style=""font-size: 60px; color: white;"">+</p>","null","","","","","","","","","","","","","",""
"","ec-html-keyboard-response","100","300126","0.0-100.0","","","1263","","R","sca_663e3cee2f8130003c0efdaf","stroop","","","","","","scroll","green","red","","","","","","","","","","","","","",""
"","ec-html-keyboard-response","101","300381","0.0-101.0","","","null",""," ","","","","","","","","","","null","","","","","","","","","","","","","",""
"","ec-html-keyboard-response","102","300883","0.0-102.0","","","null",""," ","","","","","","","","","<p style=""font-size: 60px; color: white;"">+</p>","null","","","","","","","","","","","","","",""
"","ec-html-keyboard-response","103","302302","0.0-103.0","","","1417","","G","sca_663e3cee2f8130003c0efdaf","stroop","","","","","","scroll","red","green","","","","","","","","","","","","","",""
"","ec-html-keyboard-response","104","302557","0.0-104.0","","","null",""," ","","","","","","","","","","null","","","","","","","","","","","","","",""
"","ec-html-keyboard-response","105","303060","0.0-105.0","","","null",""," ","","","","","","","","","<p style=""font-size: 60px; color: white;"">+</p>","null","","","","","","","","","","","","","",""
"","ec-html-keyboard-response","106","304474","0.0-106.0","","","1412","","B","sca_663e3cee2f8130003c0efdaf","stroop","","","","","","scroll","green","blue","","","","","","","","","","","","","",""
"","ec-html-keyboard-response","107","304730","0.0-107.0","","","null",""," ","","","","","","","","","","null","","","","","","","","","","","","","",""
"","ec-html-keyboard-response","108","305234","0.0-108.0","","","null",""," ","","","","","","","","","<p style=""font-size: 60px; color: white;"">+</p>","null","","","","","","","","","","","","","",""
"","ec-html-keyboard-response","109","306403","0.0-109.0","","","1167","","G","sca_663e3cee2f8130003c0efdaf","stroop","","","","","","scroll","green","green","","","","","","","","","","","","","",""
"","ec-html-keyboard-response","110","306659","0.0-110.0","","","null",""," ","","","","","","","","","","null","","","","","","","","","","","","","",""
"","ec-html-keyboard-response","111","307161","0.0-111.0","","","null",""," ","","","","","","","","","<p style=""font-size: 60px; color: white;"">+</p>","null","","","","","","","","","","","","","",""
"","ec-html-keyboard-response","112","308131","0.0-112.0","","","966","","B","sca_663e3cee2f8130003c0efdaf","stroop","","","","","","scroll","blue","blue","","","","","","","","","","","","","",""
"","ec-html-keyboard-response","113","308385","0.0-113.0","","","null",""," ","","","","","","","","","","null","","","","","","","","","","","","","",""
"","ec-html-keyboard-response","114","308888","0.0-114.0","","","null",""," ","","","","","","","","","<p style=""font-size: 60px; color: white;"">+</p>","null","","","","","","","","","","","","","",""
"","ec-html-keyboard-response","115","309879","0.0-115.0","","","989","","Y","sca_663e3cee2f8130003c0efdaf","stroop","","","","","","scroll","yellow","yellow","","","","","","","","","","","","","",""
"","ec-html-keyboard-response","116","310135","0.0-116.0","","","null",""," ","","","","","","","","","","null","","","","","","","","","","","","","",""
"","ec-html-keyboard-response","117","310638","0.0-117.0","","","null",""," ","","","","","","","","","<p style=""font-size: 60px; color: white;"">+</p>","null","","","","","","","","","","","","","",""
"","ec-html-keyboard-response","118","311879","0.0-118.0","","","1239","","R","sca_663e3cee2f8130003c0efdaf","stroop","","","","","","scroll","red","red","","","","","","","","","","","","","",""
"","ec-html-keyboard-response","119","312134","0.0-119.0","","","null",""," ","","","","","","","","","","null","","","","","","","","","","","","","",""
"","ec-html-keyboard-response","120","312637","0.0-120.0","","","null",""," ","","","","","","","","","<p style=""font-size: 60px; color: white;"">+</p>","null","","","","","","","","","","","","","",""
"","ec-html-keyboard-response","121","313772","0.0-121.0","","","1134","","B","sca_663e3cee2f8130003c0efdaf","stroop","","","","","","scroll","blue","blue","","","","","","","","","","","","","",""
"","ec-html-keyboard-response","122","314027","0.0-122.0","","","null",""," ","","","","","","","","","","null","","","","","","","","","","","","","",""
"","ec-html-keyboard-response","123","314530","0.0-123.0","","","null",""," ","","","","","","","","","<p style=""font-size: 60px; color: white;"">+</p>","null","","","","","","","","","","","","","",""
"","ec-html-keyboard-response","124","316059","0.0-124.0","","","1528.0000000000582","","Y","sca_663e3cee2f8130003c0efdaf","stroop","","","","","","scroll","yellow","yellow","","","","","","","","","","","","","",""
"","ec-html-keyboard-response","125","316314","0.0-125.0","","","null",""," ","","","","","","","","","","null","","","","","","","","","","","","","",""
"","ec-html-keyboard-response","126","316816","0.0-126.0","","","null",""," ","","","","","","","","","<p style=""font-size: 60px; color: white;"">+</p>","null","","","","","","","","","","","","","",""
"","ec-html-keyboard-response","127","317677","0.0-127.0","","","861","","Y","sca_663e3cee2f8130003c0efdaf","stroop","","","","","","scroll","yellow","yellow","","","","","","","","","","","","","",""
"","ec-html-keyboard-response","128","317680","0.0-128.0","","","null",""," ","sca_663e3cee2f8130003c0efdaf","stroop-correct-resp","","","","","","","","null","40","","","","","","","","","","","","",""
"","html-keyboard-response","129","318185","0.0-129.0","","","null","<div style=""font-size:60px;""></div>","null","sca_663e3cee2f8130003c0efdaf","blank","","","","","","","","","","","","","","","","","","","","","",""
"","survey-multi-select","130","364556","0.0-130.0","","","46326","","","sca_663e3cee2f8130003c0efdaf","aesthetic-debrief","","","","","","scroll","","","","{""Q0"":[""<div style=\""text-align: center;\"">\n                <img src=\""images/pretty46.jpg\"" \n                     alt=\""Image 3\"" \n                     style=\""width: 250px; height: 250px; object-fit: cover; margin-bottom: 5px;\"">\n                <br>Option 3\n              </div>"",""<div style=\""text-align: center;\"">\n                <img src=\""images/ugly27.jpg\"" \n                     alt=\""Image 5\"" \n                     style=\""width: 250px; height: 250px; object-fit: cover; margin-bottom: 5px;\"">\n                <br>Option 5\n              </div>"",""<div style=\""text-align: center;\"">\n                <img src=\""images/pretty7.jpg\"" \n                     alt=\""Image 10\"" \n                     style=\""width: 250px; height: 250px; object-fit: cover; margin-bottom: 5px;\"">\n                <br>Option 10\n              </div>"",""<div style=\""text-align: center;\"">\n                <img src=\""images/pretty55.jpg\"" \n                     alt=\""Image 11\"" \n                     style=\""width: 250px; height: 250px; object-fit: cover; margin-bottom: 5px;\"">\n                <br>Option 11\n              </div>"",""<div style=\""text-align: center;\"">\n                <img src=\""images/pretty29.jpg\"" \n                     alt=\""Image 12\"" \n                     style=\""width: 250px; height: 250px; object-fit: cover; margin-bottom: 5px;\"">\n                <br>Option 12\n              </div>"",""<div style=\""text-align: center;\"">\n                <img src=\""images/pretty34.jpg\"" \n                     alt=\""Image 13\"" \n                     style=\""width: 250px; height: 250px; object-fit: cover; margin-bottom: 5px;\"">\n                <br>Option 13\n              </div>"",""<div style=\""text-align: center;\"">\n                <img src=\""images/ugly53.jpg\"" \n                     alt=\""Image 15\"" \n                     style=\""width: 250px; height: 250px; object-fit: cover; margin-bottom: 5px;\"">\n                <br>Option 15\n              </div>"",""<div style=\""text-align: center;\"">\n                <img src=\""images/ugly31.jpg\"" \n                     alt=\""Image 20\"" \n                     style=\""width: 250px; height: 250px; object-fit: cover; margin-bottom: 5px;\"">\n                <br>Option 20\n              </div>"",""<div style=\""text-align: center;\"">\n                <img src=\""images/pretty12.jpg\"" \n                     alt=\""Image 23\"" \n                     style=\""width: 250px; height: 250px; object-fit: cover; margin-bottom: 5px;\"">\n                <br>Option 23\n              </div>"",""<div style=\""text-align: center;\"">\n                <img src=\""images/pretty18.jpg\"" \n                     alt=\""Image 24\"" \n                     style=\""width: 250px; height: 250px; object-fit: cover; margin-bottom: 5px;\"">\n                <br>Option 24\n              </div>"",""<div style=\""text-align: center;\"">\n                <img src=\""images/ugly25.jpg\"" \n                     alt=\""Image 26\"" \n                     style=\""width: 250px; height: 250px; object-fit: cover; margin-bottom: 5px;\"">\n                <br>Option 26\n              </div>"",""<div style=\""text-align: center;\"">\n                <img src=\""images/pretty27.jpg\"" \n                     alt=\""Image 27\"" \n                     style=\""width: 250px; height: 250px; object-fit: cover; margin-bottom: 5px;\"">\n                <br>Option 27\n              </div>"",""<div style=\""text-align: center;\"">\n                <img src=\""images/ugly36.jpg\"" \n                     alt=\""Image 30\"" \n                     style=\""width: 250px; height: 250px; object-fit: cover; margin-bottom: 5px;\"">\n                <br>Option 30\n              </div>"",""<div style=\""text-align: center;\"">\n                <img src=\""images/pretty21.jpg\"" \n                     alt=\""Image 36\"" \n                     style=\""width: 250px; height: 250px; object-fit: cover; margin-bottom: 5px;\"">\n                <br>Option 36\n              </div>""]}","[0]","images/pretty46.jpg,images/ugly27.jpg,images/pretty7.jpg,images/pretty55.jpg,images/pretty29.jpg,images/pretty34.jpg,images/ugly53.jpg,images/ugly31.jpg,images/pretty12.jpg,images/pretty18.jpg,images/ugly25.jpg,images/pretty27.jpg,images/ugly36.jpg,images/pretty21.jpg","14","0","","","","","","","",""
"true","fullscreen","131","365566","0.0-131.0","1440","724","","","","","","","","","","","","","","","","","","","","","","","","","","",""
"","survey-html-form","132","404894","0.0-132.0-0.0","","","39324","","","sca_663e3cee2f8130003c0efdaf","debrief","","","","","","","","","","{""age"":""26"",""gender"":""female"",""what_about"":""I think the experiment is about what catches our eye."",""prev_exp"":""No"",""problems"":""No"",""addl"":""Cool photos"",""attn"":""100""}","","","","","87FFAA9F","26","female","I think the experiment is about what catches our eye.","No","No","Cool photos","100"
"","html-keyboard-response","133","408145","0.0-133.0","","","3248","<p>Great, you have completed this experiment.  Please press spacebar to proceed to the next page, and get your code.</p>","32","sca_663e3cee2f8130003c0efdaf","instruct_prompt","","","","","","","","","","","","","","","","","","","","","",""
